{
  "1.0": {
    "mean_retrieval_acc_mean": 0.3280707465277778,
    "mean_retrieval_acc_std": 0.006572906119760281,
    "mean_query_loss_mean": 2.1244574652777777,
    "mean_query_loss_std": 0.02113980401322795,
    "per_pair_count": {
      "2": {
        "mean": 0.5307074652777778,
        "std": 0.003645090501788367
      },
      "3": {
        "mean": 0.3884548611111111,
        "std": 0.005980691744583636
      },
      "4": {
        "mean": 0.3292100694444445,
        "std": 0.0023933100043525115
      },
      "5": {
        "mean": 0.2105034722222222,
        "std": 0.04579738658688042
      },
      "6": {
        "mean": 0.18147786458333331,
        "std": 0.052221665525963724
      }
    },
    "runs": [
      {
        "seed": 123,
        "mean_retrieval_acc": 0.32177734375,
        "mean_query_loss": 2.103841145833333,
        "per_pair_count": {
          "2": 0.5275065104166666,
          "3": 0.3909505208333333,
          "4": 0.3258463541666667,
          "5": 0.2548828125,
          "6": 0.10970052083333333
        }
      },
      {
        "seed": 124,
        "mean_retrieval_acc": 0.32529296875,
        "mean_query_loss": 2.116015625,
        "per_pair_count": {
          "2": 0.5358072916666666,
          "3": 0.3802083333333333,
          "4": 0.33056640625,
          "5": 0.1474609375,
          "6": 0.232421875
        }
      },
      {
        "seed": 125,
        "mean_retrieval_acc": 0.33714192708333335,
        "mean_query_loss": 2.153515625,
        "per_pair_count": {
          "2": 0.52880859375,
          "3": 0.3942057291666667,
          "4": 0.3312174479166667,
          "5": 0.22916666666666666,
          "6": 0.20231119791666666
        }
      }
    ]
  },
  "1.5": {
    "mean_retrieval_acc_mean": 0.3286675347222222,
    "mean_retrieval_acc_std": 0.007164236229962304,
    "mean_query_loss_mean": 2.1211480034722223,
    "mean_query_loss_std": 0.021624277061269626,
    "per_pair_count": {
      "2": {
        "mean": 0.5305447048611112,
        "std": 0.0032561124323185328
      },
      "3": {
        "mean": 0.3875325520833333,
        "std": 0.005937223967146026
      },
      "4": {
        "mean": 0.3287217881944444,
        "std": 0.0018334141979943304
      },
      "5": {
        "mean": 0.21240234375,
        "std": 0.04579462285479413
      },
      "6": {
        "mean": 0.1841362847222222,
        "std": 0.05290445217381462
      }
    },
    "runs": [
      {
        "seed": 123,
        "mean_retrieval_acc": 0.321875,
        "mean_query_loss": 2.09775390625,
        "per_pair_count": {
          "2": 0.5265299479166666,
          "3": 0.3898111979166667,
          "4": 0.326171875,
          "5": 0.255859375,
          "6": 0.11100260416666667
        }
      },
      {
        "seed": 124,
        "mean_retrieval_acc": 0.3255533854166667,
        "mean_query_loss": 2.1157877604166666,
        "per_pair_count": {
          "2": 0.5345052083333334,
          "3": 0.37939453125,
          "4": 0.3304036458333333,
          "5": 0.14908854166666666,
          "6": 0.234375
        }
      },
      {
        "seed": 125,
        "mean_retrieval_acc": 0.33857421875,
        "mean_query_loss": 2.14990234375,
        "per_pair_count": {
          "2": 0.5305989583333334,
          "3": 0.3933919270833333,
          "4": 0.32958984375,
          "5": 0.23225911458333334,
          "6": 0.20703125
        }
      }
    ]
  },
  "2.0": {
    "mean_retrieval_acc_mean": 0.32860243055555555,
    "mean_retrieval_acc_std": 0.0071352866419536745,
    "mean_query_loss_mean": 2.1178385416666665,
    "mean_query_loss_std": 0.019569677908179872,
    "per_pair_count": {
      "2": {
        "mean": 0.530056423611111,
        "std": 0.003820153372891469
      },
      "3": {
        "mean": 0.3881293402777778,
        "std": 0.007134692590280789
      },
      "4": {
        "mean": 0.3282877604166667,
        "std": 0.0015667891794914942
      },
      "5": {
        "mean": 0.2129448784722222,
        "std": 0.045358563456149935
      },
      "6": {
        "mean": 0.18359375,
        "std": 0.054610586828537505
      }
    },
    "runs": [
      {
        "seed": 123,
        "mean_retrieval_acc": 0.3216471354166667,
        "mean_query_loss": 2.100813802083333,
        "per_pair_count": {
          "2": 0.5263671875,
          "3": 0.3922526041666667,
          "4": 0.326171875,
          "5": 0.25537109375,
          "6": 0.10807291666666667
        }
      },
      {
        "seed": 124,
        "mean_retrieval_acc": 0.32574869791666666,
        "mean_query_loss": 2.1074544270833333,
        "per_pair_count": {
          "2": 0.5353190104166666,
          "3": 0.3780924479166667,
          "4": 0.3299153645833333,
          "5": 0.15006510416666666,
          "6": 0.2353515625
        }
      },
      {
        "seed": 125,
        "mean_retrieval_acc": 0.33841145833333336,
        "mean_query_loss": 2.145247395833333,
        "per_pair_count": {
          "2": 0.5284830729166666,
          "3": 0.39404296875,
          "4": 0.3287760416666667,
          "5": 0.2333984375,
          "6": 0.20735677083333334
        }
      }
    ]
  },
  "3.0": {
    "mean_retrieval_acc_mean": 0.31953125,
    "mean_retrieval_acc_std": 0.021263413527834285,
    "mean_query_loss_mean": 2.5358506944444446,
    "mean_query_loss_std": 0.5981526961327024,
    "per_pair_count": {
      "2": {
        "mean": 0.5335828993055556,
        "std": 0.004066477799792446
      },
      "3": {
        "mean": 0.3885091145833333,
        "std": 0.0073187913919001025
      },
      "4": {
        "mean": 0.3284505208333333,
        "std": 0.0023284791377902406
      },
      "5": {
        "mean": 0.158203125,
        "std": 0.06636967202196364
      },
      "6": {
        "mean": 0.1889105902777778,
        "std": 0.050358387377741023
      }
    },
    "runs": [
      {
        "seed": 123,
        "mean_retrieval_acc": 0.2906575520833333,
        "mean_query_loss": 3.3815755208333336,
        "per_pair_count": {
          "2": 0.5364583333333334,
          "3": 0.3924153645833333,
          "4": 0.32568359375,
          "5": 0.07991536458333333,
          "6": 0.11881510416666667
        }
      },
      {
        "seed": 124,
        "mean_retrieval_acc": 0.32669270833333336,
        "mean_query_loss": 2.097428385416667,
        "per_pair_count": {
          "2": 0.5364583333333334,
          "3": 0.3782552083333333,
          "4": 0.3313802083333333,
          "5": 0.15250651041666666,
          "6": 0.23486328125
        }
      },
      {
        "seed": 125,
        "mean_retrieval_acc": 0.34124348958333334,
        "mean_query_loss": 2.128548177083333,
        "per_pair_count": {
          "2": 0.52783203125,
          "3": 0.3948567708333333,
          "4": 0.3282877604166667,
          "5": 0.2421875,
          "6": 0.21305338541666666
        }
      }
    ]
  }
}