{
  "true": {
    "mean_retrieval_acc_mean": 0.3280707465277778,
    "mean_retrieval_acc_std": 0.006572906119760281,
    "mean_query_loss_mean": 2.1244574652777777,
    "mean_query_loss_std": 0.02113980401322795,
    "per_pair_count": {
      "2": {
        "mean": 0.5307074652777778,
        "std": 0.003645090501788367
      },
      "3": {
        "mean": 0.3884548611111111,
        "std": 0.005980691744583636
      },
      "4": {
        "mean": 0.3292100694444445,
        "std": 0.0023933100043525115
      },
      "5": {
        "mean": 0.2105034722222222,
        "std": 0.04579738658688042
      },
      "6": {
        "mean": 0.18147786458333331,
        "std": 0.052221665525963724
      }
    }
  },
  "false": {
    "mean_retrieval_acc_mean": 0.3283637152777778,
    "mean_retrieval_acc_std": 0.00869087114934486,
    "mean_query_loss_mean": 2.1131293402777778,
    "mean_query_loss_std": 0.01529075764760584,
    "per_pair_count": {
      "2": {
        "mean": 0.5321723090277778,
        "std": 0.005980691744583636
      },
      "3": {
        "mean": 0.3890516493055556,
        "std": 0.006052606453643904
      },
      "4": {
        "mean": 0.3278537326388889,
        "std": 0.0021606236709787326
      },
      "5": {
        "mean": 0.2131618923611111,
        "std": 0.048057859214883765
      },
      "6": {
        "mean": 0.17957899305555555,
        "std": 0.056494878119369284
      }
    }
  },
  "delta": {
    "mean_retrieval_acc": -0.0002929687500000111,
    "mean_query_loss": 0.011328124999999911,
    "2": -0.00146484375,
    "3": -0.0005967881944444753,
    "4": 0.0013563368055555802,
    "5": -0.002658420138888895,
    "6": 0.0018988715277777624
  },
  "runs": [
    {
      "seed": 123,
      "use_mass_weighting": true,
      "mean_retrieval_acc": 0.32177734375,
      "mean_query_loss": 2.103841145833333,
      "per_pair_count": {
        "2": 0.5275065104166666,
        "3": 0.3909505208333333,
        "4": 0.3258463541666667,
        "5": 0.2548828125,
        "6": 0.10970052083333333
      }
    },
    {
      "seed": 123,
      "use_mass_weighting": false,
      "mean_retrieval_acc": 0.31927083333333334,
      "mean_query_loss": 2.1145833333333335,
      "per_pair_count": {
        "2": 0.52392578125,
        "3": 0.392578125,
        "4": 0.3255208333333333,
        "5": 0.2526041666666667,
        "6": 0.10172526041666667
      }
    },
    {
      "seed": 124,
      "use_mass_weighting": true,
      "mean_retrieval_acc": 0.32529296875,
      "mean_query_loss": 2.116015625,
      "per_pair_count": {
        "2": 0.5358072916666666,
        "3": 0.3802083333333333,
        "4": 0.33056640625,
        "5": 0.1474609375,
        "6": 0.232421875
      }
    },
    {
      "seed": 124,
      "use_mass_weighting": false,
      "mean_retrieval_acc": 0.3257486979166667,
      "mean_query_loss": 2.0937174479166663,
      "per_pair_count": {
        "2": 0.5379231770833334,
        "3": 0.3805338541666667,
        "4": 0.3307291666666667,
        "5": 0.1455078125,
        "6": 0.23404947916666666
      }
    },
    {
      "seed": 125,
      "use_mass_weighting": true,
      "mean_retrieval_acc": 0.33714192708333335,
      "mean_query_loss": 2.153515625,
      "per_pair_count": {
        "2": 0.52880859375,
        "3": 0.3942057291666667,
        "4": 0.3312174479166667,
        "5": 0.22916666666666666,
        "6": 0.20231119791666666
      }
    },
    {
      "seed": 125,
      "use_mass_weighting": false,
      "mean_retrieval_acc": 0.34007161458333335,
      "mean_query_loss": 2.131087239583333,
      "per_pair_count": {
        "2": 0.53466796875,
        "3": 0.39404296875,
        "4": 0.3273111979166667,
        "5": 0.24137369791666666,
        "6": 0.20296223958333334
      }
    }
  ]
}