{
  "true": {
    "mean_retrieval_acc_mean": 0.20417751736111112,
    "mean_retrieval_acc_std": 0.1146844724503913,
    "mean_query_loss_mean": 3.0161241319444443,
    "mean_query_loss_std": 0.22886716646984648,
    "per_pair_count": {
      "2": {
        "mean": 0.3617078993055556,
        "std": 0.22607323575358582
      },
      "3": {
        "mean": 0.24283854166666669,
        "std": 0.14284660033022284
      },
      "4": {
        "mean": 0.17963324652777776,
        "std": 0.09566088777860132
      },
      "5": {
        "mean": 0.10785590277777778,
        "std": 0.05250250656181395
      },
      "6": {
        "mean": 0.1288519965277778,
        "std": 0.061730391269949246
      }
    }
  },
  "false": {
    "mean_retrieval_acc_mean": 0.18949652777777778,
    "mean_retrieval_acc_std": 0.10409339984291553,
    "mean_query_loss_mean": 3.022591145833333,
    "mean_query_loss_std": 0.22383422882691228,
    "per_pair_count": {
      "2": {
        "mean": 0.3609483506944444,
        "std": 0.22471959782511247
      },
      "3": {
        "mean": 0.24235026041666666,
        "std": 0.14272248011604893
      },
      "4": {
        "mean": 0.1765407986111111,
        "std": 0.09394132455329574
      },
      "5": {
        "mean": 0.06879340277777778,
        "std": 0.02072638860277026
      },
      "6": {
        "mean": 0.0988498263888889,
        "std": 0.04691724090596157
      }
    }
  },
  "delta": {
    "mean_retrieval_acc": 0.014680989583333331,
    "mean_query_loss": -0.006467013888888928,
    "2": 0.0007595486111111605,
    "3": 0.0004882812500000278,
    "4": 0.0030924479166666574,
    "5": 0.0390625,
    "6": 0.030002170138888895
  },
  "runs": [
    {
      "seed": 123,
      "use_mass_weighting": true,
      "mean_retrieval_acc": 0.2802734375,
      "mean_query_loss": 2.911979166666667,
      "per_pair_count": {
        "2": 0.5218098958333334,
        "3": 0.3468424479166667,
        "4": 0.2591145833333333,
        "5": 0.11848958333333333,
        "6": 0.15511067708333334
      }
    },
    {
      "seed": 123,
      "use_mass_weighting": false,
      "mean_retrieval_acc": 0.25930989583333336,
      "mean_query_loss": 2.9048177083333333,
      "per_pair_count": {
        "2": 0.5281575520833334,
        "3": 0.3455403645833333,
        "4": 0.25,
        "5": 0.0791015625,
        "6": 0.09375
      }
    },
    {
      "seed": 124,
      "use_mass_weighting": true,
      "mean_retrieval_acc": 0.04208984375,
      "mean_query_loss": 3.33359375,
      "per_pair_count": {
        "2": 0.0419921875,
        "3": 0.040852864583333336,
        "4": 0.045084635416666664,
        "5": 0.038899739583333336,
        "6": 0.043619791666666664
      }
    },
    {
      "seed": 124,
      "use_mass_weighting": false,
      "mean_retrieval_acc": 0.04235026041666667,
      "mean_query_loss": 3.3359375,
      "per_pair_count": {
        "2": 0.043294270833333336,
        "3": 0.04052734375,
        "4": 0.0439453125,
        "5": 0.039876302083333336,
        "6": 0.044108072916666664
      }
    },
    {
      "seed": 125,
      "use_mass_weighting": true,
      "mean_retrieval_acc": 0.2901692708333333,
      "mean_query_loss": 2.8027994791666666,
      "per_pair_count": {
        "2": 0.5213216145833334,
        "3": 0.3408203125,
        "4": 0.23470052083333334,
        "5": 0.16617838541666666,
        "6": 0.18782552083333334
      }
    },
    {
      "seed": 125,
      "use_mass_weighting": false,
      "mean_retrieval_acc": 0.26682942708333335,
      "mean_query_loss": 2.8270182291666663,
      "per_pair_count": {
        "2": 0.5113932291666666,
        "3": 0.3409830729166667,
        "4": 0.23567708333333334,
        "5": 0.08740234375,
        "6": 0.15869140625
      }
    }
  ]
}