{
  "true": {
    "mean_retrieval_acc_mean": 0.1417534722222222,
    "mean_retrieval_acc_std": 0.0771726730153731,
    "mean_query_loss_mean": 3.275021701388889,
    "mean_query_loss_std": 0.21004483838113702,
    "per_pair_count": {
      "2": {
        "mean": 0.2861870659722222,
        "std": 0.18919829477781294
      },
      "3": {
        "mean": 0.2009006076388889,
        "std": 0.12002999252727918
      },
      "4": {
        "mean": 0.1509331597222222,
        "std": 0.07743945334363096
      },
      "5": {
        "mean": 0.03738064236111111,
        "std": 0.03412702968083211
      },
      "6": {
        "mean": 0.03336588541666667,
        "std": 0.033388769887612336
      }
    }
  },
  "false": {
    "mean_retrieval_acc_mean": 0.16812065972222223,
    "mean_retrieval_acc_std": 0.09667974351928169,
    "mean_query_loss_mean": 3.2311197916666665,
    "mean_query_loss_std": 0.20721207053801025,
    "per_pair_count": {
      "2": {
        "mean": 0.3631727430555556,
        "std": 0.22942612470963072
      },
      "3": {
        "mean": 0.24766710069444445,
        "std": 0.14799432362670464
      },
      "4": {
        "mean": 0.19059244791666669,
        "std": 0.1032250977129231
      },
      "5": {
        "mean": 0.016493055555555556,
        "std": 0.011023205479480467
      },
      "6": {
        "mean": 0.022677951388888888,
        "std": 0.020793169654596162
      }
    }
  },
  "delta": {
    "mean_retrieval_acc": -0.026367187500000028,
    "mean_query_loss": 0.04390190972222241,
    "2": -0.07698567708333337,
    "3": -0.04676649305555555,
    "4": -0.039659288194444475,
    "5": 0.020887586805555556,
    "6": 0.010687934027777783
  },
  "runs": [
    {
      "seed": 123,
      "use_mass_weighting": true,
      "mean_retrieval_acc": 0.18014322916666664,
      "mean_query_loss": 3.050520833333333,
      "per_pair_count": {
        "2": 0.3196614583333333,
        "3": 0.24072265625,
        "4": 0.177734375,
        "5": 0.08333333333333333,
        "6": 0.07926432291666667
      }
    },
    {
      "seed": 123,
      "use_mass_weighting": false,
      "mean_retrieval_acc": 0.2481119791666667,
      "mean_query_loss": 3.07265625,
      "per_pair_count": {
        "2": 0.5286458333333334,
        "3": 0.3601888020833333,
        "4": 0.2750651041666667,
        "5": 0.025553385416666668,
        "6": 0.051106770833333336
      }
    },
    {
      "seed": 124,
      "use_mass_weighting": true,
      "mean_retrieval_acc": 0.03408203125,
      "mean_query_loss": 3.5557291666666666,
      "per_pair_count": {
        "2": 0.03955078125,
        "3": 0.0380859375,
        "4": 0.045572916666666664,
        "5": 0.027180989583333332,
        "6": 0.02001953125
      }
    },
    {
      "seed": 124,
      "use_mass_weighting": false,
      "mean_retrieval_acc": 0.03209635416666667,
      "mean_query_loss": 3.523828125,
      "per_pair_count": {
        "2": 0.038736979166666664,
        "3": 0.03857421875,
        "4": 0.045247395833333336,
        "5": 0.02294921875,
        "6": 0.014973958333333334
      }
    },
    {
      "seed": 125,
      "use_mass_weighting": true,
      "mean_retrieval_acc": 0.21103515625,
      "mean_query_loss": 3.218815104166667,
      "per_pair_count": {
        "2": 0.4993489583333333,
        "3": 0.3238932291666667,
        "4": 0.2294921875,
        "5": 0.0016276041666666667,
        "6": 0.0008138020833333334
      }
    },
    {
      "seed": 125,
      "use_mass_weighting": false,
      "mean_retrieval_acc": 0.2241536458333333,
      "mean_query_loss": 3.096875,
      "per_pair_count": {
        "2": 0.5221354166666666,
        "3": 0.34423828125,
        "4": 0.25146484375,
        "5": 0.0009765625,
        "6": 0.001953125
      }
    }
  ]
}