{
  "marker": {
    "mean_retrieval_acc_mean": 0.32860243055555555,
    "mean_retrieval_acc_std": 0.0071352866419536745,
    "mean_query_loss_mean": 2.1178385416666665,
    "mean_query_loss_std": 0.019569677908179872,
    "per_pair_count": {
      "2": {
        "mean": 0.530056423611111,
        "std": 0.003820153372891469
      },
      "3": {
        "mean": 0.3881293402777778,
        "std": 0.007134692590280789
      },
      "4": {
        "mean": 0.3282877604166667,
        "std": 0.0015667891794914942
      },
      "5": {
        "mean": 0.2129448784722222,
        "std": 0.045358563456149935
      },
      "6": {
        "mean": 0.18359375,
        "std": 0.054610586828537505
      }
    },
    "runs": [
      {
        "seed": 123,
        "mean_retrieval_acc": 0.3216471354166667,
        "mean_query_loss": 2.100813802083333,
        "per_pair_count": {
          "2": 0.5263671875,
          "3": 0.3922526041666667,
          "4": 0.326171875,
          "5": 0.25537109375,
          "6": 0.10807291666666667
        }
      },
      {
        "seed": 124,
        "mean_retrieval_acc": 0.32574869791666666,
        "mean_query_loss": 2.1074544270833333,
        "per_pair_count": {
          "2": 0.5353190104166666,
          "3": 0.3780924479166667,
          "4": 0.3299153645833333,
          "5": 0.15006510416666666,
          "6": 0.2353515625
        }
      },
      {
        "seed": 125,
        "mean_retrieval_acc": 0.33841145833333336,
        "mean_query_loss": 2.145247395833333,
        "per_pair_count": {
          "2": 0.5284830729166666,
          "3": 0.39404296875,
          "4": 0.3287760416666667,
          "5": 0.2333984375,
          "6": 0.20735677083333334
        }
      }
    ]
  },
  "key": {
    "mean_retrieval_acc_mean": 0.32805989583333334,
    "mean_retrieval_acc_std": 0.006901092848997826,
    "mean_query_loss_mean": 2.125998263888889,
    "mean_query_loss_std": 0.023655091258244207,
    "per_pair_count": {
      "2": {
        "mean": 0.5292426215277778,
        "std": 0.004538522651554756
      },
      "3": {
        "mean": 0.3882921006944445,
        "std": 0.007459013920677521
      },
      "4": {
        "mean": 0.3298068576388889,
        "std": 0.0018903267567474246
      },
      "5": {
        "mean": 0.21137152777777776,
        "std": 0.046111174740421854
      },
      "6": {
        "mean": 0.1815863715277778,
        "std": 0.050846995571575716
      }
    },
    "runs": [
      {
        "seed": 123,
        "mean_retrieval_acc": 0.3220703125,
        "mean_query_loss": 2.099348958333333,
        "per_pair_count": {
          "2": 0.5244140625,
          "3": 0.3917643229166667,
          "4": 0.3271484375,
          "5": 0.2556966145833333,
          "6": 0.111328125
        }
      },
      {
        "seed": 124,
        "mean_retrieval_acc": 0.32438151041666663,
        "mean_query_loss": 2.1218098958333336,
        "per_pair_count": {
          "2": 0.5353190104166666,
          "3": 0.3779296875,
          "4": 0.3308919270833333,
          "5": 0.14778645833333334,
          "6": 0.22998046875
        }
      },
      {
        "seed": 125,
        "mean_retrieval_acc": 0.3377278645833333,
        "mean_query_loss": 2.1568359375,
        "per_pair_count": {
          "2": 0.5279947916666666,
          "3": 0.3951822916666667,
          "4": 0.3313802083333333,
          "5": 0.23063151041666666,
          "6": 0.20345052083333334
        }
      }
    ]
  },
  "delta": {
    "mean_retrieval_acc": -0.0005425347222222099,
    "mean_query_loss": 0.008159722222222499,
    "per_pair_count": {
      "2": -0.0008138020833332593,
      "3": 0.00016276041666668517,
      "4": 0.0015190972222222099,
      "5": -0.0015733506944444475,
      "6": -0.00200737847222221
    }
  }
}