{
  "true": {
    "mean_retrieval_acc_mean": 0.6285691034226191,
    "mean_retrieval_acc_std": 0.4230751132725249,
    "mean_query_loss_mean": 1.3994026496296836,
    "mean_query_loss_std": 1.5996916243018575,
    "per_delay": {
      "8": {
        "mean": 0.6772867838541666,
        "std": 0.4563854070304776
      },
      "16": {
        "mean": 0.67626953125,
        "std": 0.4578240194596494
      },
      "24": {
        "mean": 0.6775716145833334,
        "std": 0.45598259555030946
      },
      "32": {
        "mean": 0.6035563151041666,
        "std": 0.4037196553312302
      },
      "40": {
        "mean": 0.5649820963541666,
        "std": 0.384068256752677
      },
      "48": {
        "mean": 0.5432942708333334,
        "std": 0.36728880997454
      },
      "56": {
        "mean": 0.6570231119791666,
        "std": 0.44404211518468234
      }
    }
  },
  "false": {
    "mean_retrieval_acc_mean": 0.9188348679315477,
    "mean_retrieval_acc_std": 0.06996811520652874,
    "mean_query_loss_mean": 0.38946679873125895,
    "mean_query_loss_std": 0.35964382572544024,
    "per_delay": {
      "8": {
        "mean": 1.0,
        "std": 0.0
      },
      "16": {
        "mean": 1.0,
        "std": 0.0
      },
      "24": {
        "mean": 1.0,
        "std": 0.0
      },
      "32": {
        "mean": 0.9044596354166666,
        "std": 0.06755937182563601
      },
      "40": {
        "mean": 0.841796875,
        "std": 0.21856709053906406
      },
      "48": {
        "mean": 0.7014973958333334,
        "std": 0.20905189572163876
      },
      "56": {
        "mean": 0.9840901692708334,
        "std": 0.012129610170559621
      }
    }
  },
  "delta": {
    "8": -0.32271321614583337,
    "16": -0.32373046875,
    "24": -0.32242838541666663,
    "32": -0.3009033203125,
    "40": -0.27681477864583337,
    "48": -0.158203125,
    "56": -0.32706705729166674,
    "mean_retrieval_acc": -0.2902657645089286,
    "mean_query_loss": 1.0099358508984246
  },
  "runs": [
    {
      "seed": 123,
      "use_mass_weighting": true,
      "mean_retrieval_acc": 0.902587890625,
      "mean_query_loss": 0.3732854894229344,
      "per_delay": {
        "8": 1.0,
        "16": 1.0,
        "24": 1.0,
        "32": 0.87158203125,
        "40": 0.75439453125,
        "48": 0.7210693359375,
        "56": 0.9710693359375
      }
    },
    {
      "seed": 123,
      "use_mass_weighting": false,
      "mean_retrieval_acc": 0.8238699776785714,
      "mean_query_loss": 0.8762335223811013,
      "per_delay": {
        "8": 1.0,
        "16": 1.0,
        "24": 1.0,
        "32": 0.8343505859375,
        "40": 0.53271484375,
        "48": 0.429443359375,
        "56": 0.9705810546875
      }
    },
    {
      "seed": 124,
      "use_mass_weighting": true,
      "mean_retrieval_acc": 0.9521833147321429,
      "mean_query_loss": 0.1663705621446882,
      "per_delay": {
        "8": 1.0,
        "16": 1.0,
        "24": 1.0,
        "32": 0.9061279296875,
        "40": 0.9111328125,
        "48": 0.8770751953125,
        "56": 0.970947265625
      }
    },
    {
      "seed": 124,
      "use_mass_weighting": false,
      "mean_retrieval_acc": 0.9422433035714286,
      "mean_query_loss": 0.27379067880766733,
      "per_delay": {
        "8": 1.0,
        "16": 1.0,
        "24": 1.0,
        "32": 0.88330078125,
        "40": 0.993408203125,
        "48": 0.7373046875,
        "56": 0.981689453125
      }
    },
    {
      "seed": 125,
      "use_mass_weighting": true,
      "mean_retrieval_acc": 0.030936104910714284,
      "mean_query_loss": 3.6585518973214284,
      "per_delay": {
        "8": 0.0318603515625,
        "16": 0.02880859375,
        "24": 0.03271484375,
        "32": 0.032958984375,
        "40": 0.0294189453125,
        "48": 0.03173828125,
        "56": 0.029052734375
      }
    },
    {
      "seed": 125,
      "use_mass_weighting": false,
      "mean_retrieval_acc": 0.9903913225446429,
      "mean_query_loss": 0.01837619500500815,
      "per_delay": {
        "8": 1.0,
        "16": 1.0,
        "24": 1.0,
        "32": 0.9957275390625,
        "40": 0.999267578125,
        "48": 0.937744140625,
        "56": 1.0
      }
    }
  ]
}