{
  "true": {
    "mean_retrieval_acc_mean": 0.9810035342261905,
    "mean_retrieval_acc_std": 0.0200985142200978,
    "mean_query_loss_mean": 0.054139895941175166,
    "mean_query_loss_std": 0.060035762133960155,
    "per_delay": {
      "8": {
        "mean": 1.0,
        "std": 0.0
      },
      "16": {
        "mean": 1.0,
        "std": 0.0
      },
      "24": {
        "mean": 1.0,
        "std": 0.0
      },
      "32": {
        "mean": 0.9766438802083334,
        "std": 0.016647375386298374
      },
      "40": {
        "mean": 0.9476725260416666,
        "std": 0.07400222335659995
      },
      "48": {
        "mean": 0.9427083333333334,
        "std": 0.05882972952636063
      },
      "56": {
        "mean": 1.0,
        "std": 0.0
      }
    }
  },
  "false": {
    "mean_retrieval_acc_mean": 0.9688604445684523,
    "mean_retrieval_acc_std": 0.03141630236864059,
    "mean_query_loss_mean": 0.12038793358286577,
    "mean_query_loss_std": 0.14245715627372785,
    "per_delay": {
      "8": {
        "mean": 1.0,
        "std": 0.0
      },
      "16": {
        "mean": 1.0,
        "std": 0.0
      },
      "24": {
        "mean": 1.0,
        "std": 0.0
      },
      "32": {
        "mean": 0.9647623697916666,
        "std": 0.02520238758933723
      },
      "40": {
        "mean": 0.9156087239583334,
        "std": 0.11934728712409665
      },
      "48": {
        "mean": 0.9017740885416666,
        "std": 0.09068552677956121
      },
      "56": {
        "mean": 0.9998779296875,
        "std": 0.00017263349150062197
      }
    }
  },
  "delta": {
    "mean_retrieval_acc": 0.012143089657738138,
    "mean_query_loss": -0.0662480376416906,
    "8": 0.0,
    "16": 0.0,
    "24": 0.0,
    "32": 0.01188151041666674,
    "40": 0.03206380208333326,
    "48": 0.04093424479166674,
    "56": 0.0001220703125
  },
  "runs": [
    {
      "seed": 123,
      "use_mass_weighting": true,
      "mean_retrieval_acc": 0.9531947544642857,
      "mean_query_loss": 0.13800094376451202,
      "per_delay": {
        "8": 1.0,
        "16": 1.0,
        "24": 1.0,
        "32": 0.967529296875,
        "40": 0.843017578125,
        "48": 0.86181640625,
        "56": 1.0
      }
    },
    {
      "seed": 123,
      "use_mass_weighting": false,
      "mean_retrieval_acc": 0.9258335658482143,
      "mean_query_loss": 0.32063900399953127,
      "per_delay": {
        "8": 1.0,
        "16": 1.0,
        "24": 1.0,
        "32": 0.953125,
        "40": 0.746826171875,
        "48": 0.78125,
        "56": 0.9996337890625
      }
    },
    {
      "seed": 124,
      "use_mass_weighting": true,
      "mean_retrieval_acc": 0.9898158482142857,
      "mean_query_loss": 0.023695563564875295,
      "per_delay": {
        "8": 1.0,
        "16": 1.0,
        "24": 1.0,
        "32": 0.96240234375,
        "40": 1.0,
        "48": 0.96630859375,
        "56": 1.0
      }
    },
    {
      "seed": 124,
      "use_mass_weighting": false,
      "mean_retrieval_acc": 0.9807826450892857,
      "mean_query_loss": 0.0393855167951967,
      "per_delay": {
        "8": 1.0,
        "16": 1.0,
        "24": 1.0,
        "32": 0.94140625,
        "40": 1.0,
        "48": 0.924072265625,
        "56": 1.0
      }
    },
    {
      "seed": 125,
      "use_mass_weighting": true,
      "mean_retrieval_acc": 1.0,
      "mean_query_loss": 0.0007231804941381727,
      "per_delay": {
        "8": 1.0,
        "16": 1.0,
        "24": 1.0,
        "32": 1.0,
        "40": 1.0,
        "48": 1.0,
        "56": 1.0
      }
    },
    {
      "seed": 125,
      "use_mass_weighting": false,
      "mean_retrieval_acc": 0.9999651227678571,
      "mean_query_loss": 0.0011392799538693257,
      "per_delay": {
        "8": 1.0,
        "16": 1.0,
        "24": 1.0,
        "32": 0.999755859375,
        "40": 1.0,
        "48": 1.0,
        "56": 1.0
      }
    }
  ]
}